Name,Role,Site,Phone,Email,Shift,Notes
Tina Davis,Lifeguard,Loon Hollow,(555) 094-2482,tina.davis@kvlcamps.org,Overnight,
Nicholas Barnes,Swim Instructor,Heron Landing,(555) 073-6905,nicholas.barnes@kvlcamps.org,Day,
Kevin Thompson,Waterfront Director,Tamarack Ridge,(555) 039-2366,kevin.thompson@kvlcamps.org,Overnight,
Theodore Walton,Shift Supervisor,Heron Landing,(555) 061-9096,theodore.walton@kvlcamps.org,Overnight,
Matthew Morales,Swim Instructor,Heron Landing,(555) 069-2116,matthew.morales@kvlcamps.org,Day,
Haley Bradford,Swim Instructor,Bluegill Point,(555) 076-7170,haley.bradford@kvlcamps.org,Day,
Julie Taylor,Shift Supervisor,Otter Run,(555) 053-4919,julie.taylor@kvlcamps.org,Day,
Jose Bennett,Swim Instructor,Bluegill Point,(555) 076-7372,jose.bennett@kvlcamps.org,Overnight,
Richard Morgan,Lifeguard,Bluegill Point,(555) 068-7052,richard.morgan@kvlcamps.org,Day,
Roberto Steele,Shift Supervisor,Bluegill Point,(555) 097-5790,roberto.steele@kvlcamps.org,Overnight,
Tiffany Price,Waterfront Director,Corrigwell,(555) 050-9097,tiffany.price@kvlcamps.org,Overnight,
Douglas House,Lifeguard,Bluegill Point,(555) 083-3516,douglas.house@kvlcamps.org,Overnight,
Robert Waller,Waterfront Director,Heron Landing,(555) 040-3354,robert.waller@kvlcamps.org,Overnight,
Megan Richardson,Shift Supervisor,Corrigwell,(555) 043-2016,megan.richardson@kvlcamps.org,Day,
Eugene Case,Swim Instructor,Bluegill Point,(555) 066-7441,eugene.case@kvlcamps.org,Day,
Sharon Ford,Shift Supervisor,Corrigwell,(555) 067-3702,sharon.ford@kvlcamps.org,Overnight,
Julie Hernandez,Waterfront Director,Bluegill Point,(555) 041-4225,julie.hernandez@kvlcamps.org,Overnight,
David Thomas,Shift Supervisor,Corrigwell,(555) 055-8672,david.thomas@kvlcamps.org,Overnight,
Rebekah Munoz,Swim Instructor,Corrigwell,(555) 036-6377,rebekah.munoz@kvlcamps.org,Overnight,
Justin Liu,Swim Instructor,Corrigwell,(555) 067-4809,justin.liu@kvlcamps.org,Day,
Alexander Long,Swim Instructor,Bluegill Point,(555) 040-6925,alexander.long@kvlcamps.org,Overnight,
Jose Hayes,Swim Instructor,Bluegill Point,(555) 060-2111,jose.hayes@kvlcamps.org,Day,
Ruth Adams,Waterfront Director,Loon Hollow,(555) 043-5770,ruth.adams@kvlcamps.org,Overnight,
Jamie Wong,Lifeguard,Heron Landing,(555) 012-3324,jamie.wong@kvlcamps.org,Day,
Jason Gomez MD,Boating Instructor,Loon Hollow,(555) 038-4383,jason.md@kvlcamps.org,Day,
Erin Hebert,Shift Supervisor,Tamarack Ridge,(555) 030-7378,erin.hebert@kvlcamps.org,Overnight,
Charles Gill,Swim Instructor,Corrigwell,(555) 039-2018,charles.gill@kvlcamps.org,Overnight,
Jerry Hall,Boating Instructor,Tamarack Ridge,(555) 040-7626,jerry.hall@kvlcamps.org,Day,
David Wang,Shift Supervisor,Otter Run,(555) 083-3027,david.wang@kvlcamps.org,Overnight,
Heidi Reynolds,Swim Instructor,Otter Run,(555) 031-7748,heidi.reynolds@kvlcamps.org,Overnight,
Barry Harris,Lifeguard,Heron Landing,(555) 016-1308,barry.harris@kvlcamps.org,Overnight,
David Hickman,Shift Supervisor,Otter Run,(555) 025-9819,david.hickman@kvlcamps.org,Day,
Jeffrey Navarro,Swim Instructor,Corrigwell,(555) 028-2671,jeffrey.navarro@kvlcamps.org,Overnight,
Brenda Willis,Boating Instructor,Loon Hollow,(555) 019-2869,brenda.willis@kvlcamps.org,Overnight,
Seth Clark,Boating Instructor,Otter Run,(555) 029-5822,seth.clark@kvlcamps.org,Overnight,
Kimberly Carr,Boating Instructor,Bluegill Point,(555) 048-3499,kimberly.carr@kvlcamps.org,Overnight,
Brooke Gomez,Shift Supervisor,Otter Run,(555) 086-8866,brooke.gomez@kvlcamps.org,Overnight,
Dr. Craig Rivera,Waterfront Director,Bluegill Point,(555) 013-1848,dr.rivera@kvlcamps.org,Day,
Timothy Johnson,Boating Instructor,Heron Landing,(555) 033-5553,timothy.johnson@kvlcamps.org,Day,
Steven Sutton,Lifeguard,Tamarack Ridge,(555) 093-9233,steven.sutton@kvlcamps.org,Day,
Tina Bentley,Waterfront Director,Bluegill Point,(555) 087-7117,tina.bentley@kvlcamps.org,Day,
Melissa Rojas,Shift Supervisor,Otter Run,(555) 073-6181,melissa.rojas@kvlcamps.org,Overnight,
Albert Dunn,Swim Instructor,Corrigwell,(555) 057-3338,albert.dunn@kvlcamps.org,Day,
Thomas Mitchell,Shift Supervisor,Tamarack Ridge,(555) 018-5751,thomas.mitchell@kvlcamps.org,Day,
Brian Smith,Boating Instructor,Tamarack Ridge,(555) 081-2081,brian.smith@kvlcamps.org,Overnight,
Robert Ferguson,Lifeguard,Heron Landing,(555) 065-7220,robert.ferguson@kvlcamps.org,Day,
Lauren Moore,Lifeguard,Bluegill Point,(555) 098-2894,lauren.moore@kvlcamps.org,Day,
Mandy Watson,Waterfront Director,Corrigwell,(555) 088-8504,mandy.watson@kvlcamps.org,Overnight,
Mrs. Tammy Gordon,Boating Instructor,Heron Landing,(555) 020-2725,mrs.gordon@kvlcamps.org,Overnight,
John Klein,Boating Instructor,Corrigwell,(555) 074-1882,john.klein@kvlcamps.org,Overnight,
Luke Williams,Swim Instructor,Corrigwell,(555) 085-1221,luke.williams@kvlcamps.org,Overnight,
Sabrina Martin,Swim Instructor,Heron Landing,(555) 091-4035,sabrina.martin@kvlcamps.org,Overnight,
Jordan Travis,Waterfront Director,Tamarack Ridge,(555) 033-6050,jordan.travis@kvlcamps.org,Overnight,
Kathryn Bell,Waterfront Director,Loon Hollow,(555) 059-1837,kathryn.bell@kvlcamps.org,Day,
Jacqueline Harrison,Shift Supervisor,Tamarack Ridge,(555) 098-8941,jacqueline.harrison@kvlcamps.org,Day,
Eugene Acosta,Lifeguard,Loon Hollow,(555) 033-7179,eugene.acosta@kvlcamps.org,Day,
Justin Martinez,Swim Instructor,Loon Hollow,(555) 046-2957,justin.martinez@kvlcamps.org,Overnight,
Barbara Pennington,Lifeguard,Loon Hollow,(555) 027-4791,barbara.pennington@kvlcamps.org,Overnight,
Nathan Edwards,Boating Instructor,Heron Landing,(555) 030-5355,nathan.edwards@kvlcamps.org,Overnight,
Kristin Hansen,Boating Instructor,Corrigwell,(555) 050-6899,kristin.hansen@kvlcamps.org,Overnight,
Lisa Simmons,Waterfront Director,Otter Run,(555) 060-7779,lisa.simmons@kvlcamps.org,Day,
April Sandoval,Swim Instructor,Bluegill Point,(555) 071-9583,april.sandoval@kvlcamps.org,Overnight,
Melissa Brown,Swim Instructor,Bluegill Point,(555) 026-6965,melissa.brown@kvlcamps.org,Day,
Veronica Becker,Swim Instructor,Bluegill Point,(555) 078-6487,veronica.becker@kvlcamps.org,Overnight,
Karen Wood,Swim Instructor,Loon Hollow,(555) 078-5030,karen.wood@kvlcamps.org,Day,
Monica Bradley,Boating Instructor,Bluegill Point,(555) 068-5932,monica.bradley@kvlcamps.org,Overnight,
Maria Lane,Shift Supervisor,Corrigwell,(555) 083-7556,maria.lane@kvlcamps.org,Overnight,
Kevin Sanchez,Swim Instructor,Heron Landing,(555) 077-7657,kevin.sanchez@kvlcamps.org,Day,
Jason Walters,Swim Instructor,Otter Run,(555) 023-3315,jason.walters@kvlcamps.org,Overnight,
John Parker,Waterfront Director,Loon Hollow,(555) 031-3475,john.parker@kvlcamps.org,Day,
Teresa Bell,Lifeguard,Tamarack Ridge,(555) 065-8502,teresa.bell@kvlcamps.org,Day,
Hayley Price,Waterfront Director,Bluegill Point,(555) 016-2493,hayley.price@kvlcamps.org,Overnight,
Tara Burns,Swim Instructor,Otter Run,(555) 042-7418,tara.burns@kvlcamps.org,Overnight,
Michael Mitchell,Lifeguard,Otter Run,(555) 019-4751,michael.mitchell@kvlcamps.org,Day,
James Preston,Swim Instructor,Otter Run,(555) 073-5750,james.preston@kvlcamps.org,Overnight,
Robert Vaughn,Shift Supervisor,Loon Hollow,(555) 079-3157,robert.vaughn@kvlcamps.org,Overnight,
Chad Hall,Shift Supervisor,Loon Hollow,(555) 039-5874,chad.hall@kvlcamps.org,Overnight,
Sarah King,Boating Instructor,Tamarack Ridge,(555) 068-4108,sarah.king@kvlcamps.org,Overnight,
