Chemical,Function,Hazard Class,Adjusts Parameter,On Hand,Storage Location,Handling Note,Last Checked
Sodium Hypochlorite (liquid chlorine),Primary sanitizer,Oxidizer/corrosive,Free Chlorine,12 x 1 gal,"Pump room, bay 1",Store acids and chlorine separately. SDS binder at pump room door.,Checked 2026-08-09
Calcium Hypochlorite (cal-hypo),Sanitizer (unstabilized),Oxidizer,Free Chlorine,4 x 25 lb,"Pump room, bay 2",Store acids and chlorine separately. SDS binder at pump room door.,Checked 2026-08-08
Dichlor,Stabilized sanitizer,Oxidizer,Free Chlorine + CYA,2 x 50 lb,"Pump room, bay 2",Store acids and chlorine separately. SDS binder at pump room door.,Checked 2026-08-07
Trichlor,Stabilized sanitizer (tablets),Oxidizer/corrosive,Free Chlorine + CYA,3 x 25 lb,"Pump room, bay 3",Store acids and chlorine separately. SDS binder at pump room door.,Checked 2026-08-06
Muriatic Acid,pH decreaser,Corrosive,pH / Total Alkalinity,6 x 1 gal,"Acid cabinet, north wall",Store acids and chlorine separately. SDS binder at pump room door.,Checked 2026-08-05
Sodium Bicarbonate,Alkalinity increaser,Non-hazardous,Total Alkalinity,8 x 50 lb,"Pump room, bay 4",Store acids and chlorine separately. SDS binder at pump room door.,Checked 2026-08-09
Sodium Carbonate (soda ash),pH increaser,Irritant,pH,4 x 50 lb,"Pump room, bay 4",Store acids and chlorine separately. SDS binder at pump room door.,Checked 2026-08-08
Cyanuric Acid,Chlorine stabilizer,Irritant,CYA,2 x 25 lb,"Pump room, bay 3",Store acids and chlorine separately. SDS binder at pump room door.,Checked 2026-08-07
Calcium Chloride,Hardness increaser,Irritant,Calcium Hardness,2 x 50 lb,"Pump room, bay 4",Store acids and chlorine separately. SDS binder at pump room door.,Checked 2026-08-06
