Record,Name,Course,Completion Date,Instructor,Location,Result,Valid Through
CC-01,Steven Owens,WSI,2026-05-19,S. Treadwell,Corrigwell waterfront,Pass,2028-05-18
CC-02,Michael Wilson,WSI,2026-05-03,C. Yee,Corrigwell waterfront,Pass,2028-05-02
CC-03,Alejandro Serrano,WSI,2026-05-06,C. Yee,Corrigwell waterfront,Pass,2028-05-05
CC-04,Chris Lynch,WSI,2026-04-26,S. Treadwell,Corrigwell waterfront,Pass,2028-04-25
CC-05,Travis Edwards,WSI,2026-04-28,S. Treadwell,Corrigwell waterfront,Pass,2028-04-27
CC-06,Kyle Kelly,WSI,2026-05-03,S. Treadwell,Corrigwell waterfront,Pass,2028-05-02
CC-07,Antonio Franklin,WSI,2026-05-18,C. Yee,Corrigwell waterfront,Pass,2028-05-17
CC-08,Sandra Porter,WSI,2026-04-27,S. Treadwell,Corrigwell waterfront,Pass,2028-04-26
CC-09,Mrs. Amber Reed,WSI,2026-04-25,S. Treadwell,Corrigwell waterfront,Pass,2028-04-24
CC-10,Michael Cole,WSI,2026-05-05,C. Yee,Corrigwell waterfront,Pass,2028-05-04
CC-11,Brenda Stein,WSI,2026-05-07,S. Treadwell,Corrigwell waterfront,Pass,2028-05-06
CC-12,Brian Richards,WSI,2026-05-04,C. Yee,Corrigwell waterfront,Pass,2028-05-03
CC-13,Christopher Dudley,LGI,2026-05-15,C. Yee,Corrigwell waterfront,Pass,2028-05-14
CC-14,Phillip Gutierrez,WSI,2026-05-15,C. Yee,Corrigwell waterfront,Pass,2028-05-14
CC-15,Kara Sanchez,WSI,2026-05-12,C. Yee,Corrigwell waterfront,Pass,2028-05-11
CC-16,Kenneth Brown,WSI,2026-05-06,C. Yee,Corrigwell waterfront,Pass,2028-05-05
CC-17,Johnathan Smith,WSI,2026-04-25,S. Treadwell,Corrigwell waterfront,Pass,2028-04-24
CC-18,Jeff Lee,WSI,2026-05-18,S. Treadwell,Corrigwell waterfront,Pass,2028-05-17
CC-19,Whitney Riley,WSI,2026-05-13,S. Treadwell,Corrigwell waterfront,Pass,2028-05-12
CC-20,Cody Anthony,WSI,2026-04-26,S. Treadwell,Corrigwell waterfront,Pass,2028-04-25
CC-21,Jennifer Barr,WSI,2026-05-12,C. Yee,Corrigwell waterfront,Pass,2028-05-11
CC-22,Lisa Thompson,WSI,2026-05-07,S. Treadwell,Corrigwell waterfront,Pass,2028-05-06
CC-23,Miss Jane Buchanan,WSI,2026-04-24,S. Treadwell,Corrigwell waterfront,Pass,2028-04-23
CC-24,Christopher Smith,WSI,2026-05-14,S. Treadwell,Corrigwell waterfront,Pass,2028-05-13
CC-25,Amy Reyes,WSI,2026-05-08,C. Yee,Corrigwell waterfront,Pass,2028-05-07
CC-26,Douglas Erickson,WSI,2026-05-12,S. Treadwell,Corrigwell waterfront,Pass,2028-05-11
